Date,Fajr,Sunrise,Zuhr,Asr,Maghrib,Isha
1-Jan,6:07 AM,7:18 AM,12:26 PM,3:15 PM,5:34 PM,6:44 PM
2-Jan,6:08 AM,7:18 AM,12:26 PM,3:15 PM,5:35 PM,6:45 PM
3-Jan,6:08 AM,7:18 AM,12:27 PM,3:16 PM,5:36 PM,6:45 PM
4-Jan,6:08 AM,7:19 AM,12:27 PM,3:17 PM,5:37 PM,6:46 PM
5-Jan,6:08 AM,7:19 AM,12:27 PM,3:17 PM,5:37 PM,6:47 PM
6-Jan,6:08 AM,7:19 AM,12:28 PM,3:18 PM,5:38 PM,6:48 PM
7-Jan,6:09 AM,7:19 AM,12:28 PM,3:19 PM,5:39 PM,6:48 PM
8-Jan,6:09 AM,7:19 AM,12:29 PM,3:20 PM,5:40 PM,6:49 PM
9-Jan,6:09 AM,7:19 AM,12:29 PM,3:20 PM,5:41 PM,6:50 PM
10-Jan,6:09 AM,7:19 AM,12:30 PM,3:21 PM,5:41 PM,6:50 PM
11-Jan,6:09 AM,7:19 AM,12:30 PM,3:22 PM,5:42 PM,6:51 PM
12-Jan,6:09 AM,7:19 AM,12:30 PM,3:23 PM,5:43 PM,6:52 PM
13-Jan,6:09 AM,7:19 AM,12:31 PM,3:23 PM,5:44 PM,6:53 PM
14-Jan,6:09 AM,7:19 AM,12:31 PM,3:24 PM,5:45 PM,6:53 PM
15-Jan,6:09 AM,7:19 AM,12:31 PM,3:25 PM,5:46 PM,6:54 PM
16-Jan,6:09 AM,7:18 AM,12:32 PM,3:26 PM,5:46 PM,6:55 PM
17-Jan,6:09 AM,7:18 AM,12:32 PM,3:26 PM,5:47 PM,6:56 PM
18-Jan,6:09 AM,7:18 AM,12:32 PM,3:27 PM,5:48 PM,6:56 PM
19-Jan,6:09 AM,7:18 AM,12:33 PM,3:28 PM,5:49 PM,6:57 PM
20-Jan,6:08 AM,7:18 AM,12:33 PM,3:29 PM,5:50 PM,6:58 PM
21-Jan,6:08 AM,7:17 AM,12:33 PM,3:29 PM,5:51 PM,6:59 PM
22-Jan,6:08 AM,7:17 AM,12:34 PM,3:30 PM,5:52 PM,7:00 PM
23-Jan,6:08 AM,7:17 AM,12:34 PM,3:31 PM,5:52 PM,7:00 PM
24-Jan,6:07 AM,7:16 AM,12:34 PM,3:32 PM,5:53 PM,7:01 PM
25-Jan,6:07 AM,7:16 AM,12:34 PM,3:32 PM,5:54 PM,7:02 PM
26-Jan,6:07 AM,7:15 AM,12:35 PM,3:33 PM,5:55 PM,7:03 PM
27-Jan,6:06 AM,7:15 AM,12:35 PM,3:34 PM,5:56 PM,7:03 PM
28-Jan,6:06 AM,7:14 AM,12:35 PM,3:35 PM,5:57 PM,7:04 PM
29-Jan,6:06 AM,7:14 AM,12:35 PM,3:35 PM,5:58 PM,7:05 PM
30-Jan,6:05 AM,7:13 AM,12:35 PM,3:36 PM,5:59 PM,7:06 PM
31-Jan,6:05 AM,7:13 AM,12:35 PM,3:37 PM,5:59 PM,7:06 PM
1-Feb,6:04 AM,7:12 AM,12:36 PM,3:38 PM,6:00 PM,7:07 PM
2-Feb,6:04 AM,7:12 AM,12:36 PM,3:38 PM,6:01 PM,7:08 PM
3-Feb,6:03 AM,7:11 AM,12:36 PM,3:39 PM,6:02 PM,7:09 PM
4-Feb,6:03 AM,7:10 AM,12:36 PM,3:40 PM,6:03 PM,7:09 PM
5-Feb,6:02 AM,7:10 AM,12:36 PM,3:40 PM,6:04 PM,7:10 PM
6-Feb,6:02 AM,7:09 AM,12:36 PM,3:41 PM,6:04 PM,7:11 PM
7-Feb,6:01 AM,7:08 AM,12:36 PM,3:42 PM,6:05 PM,7:12 PM
8-Feb,6:00 AM,7:07 AM,12:36 PM,3:42 PM,6:06 PM,7:12 PM
9-Feb,6:00 AM,7:07 AM,12:36 PM,3:43 PM,6:07 PM,7:13 PM
10-Feb,5:59 AM,7:06 AM,12:36 PM,3:43 PM,6:08 PM,7:14 PM
11-Feb,5:58 AM,7:05 AM,12:36 PM,3:44 PM,6:09 PM,7:14 PM
12-Feb,5:58 AM,7:04 AM,12:36 PM,3:45 PM,6:09 PM,7:15 PM
13-Feb,5:57 AM,7:03 AM,12:36 PM,3:45 PM,6:10 PM,7:16 PM
14-Feb,5:56 AM,7:03 AM,12:36 PM,3:46 PM,6:11 PM,7:17 PM
15-Feb,5:55 AM,7:02 AM,12:36 PM,3:46 PM,6:12 PM,7:17 PM
16-Feb,5:54 AM,7:01 AM,12:36 PM,3:47 PM,6:13 PM,7:18 PM
17-Feb,5:54 AM,7:00 AM,12:36 PM,3:47 PM,6:13 PM,7:19 PM
18-Feb,5:53 AM,6:59 AM,12:36 PM,3:48 PM,6:14 PM,7:19 PM
19-Feb,5:52 AM,6:58 AM,12:36 PM,3:48 PM,6:15 PM,7:20 PM
20-Feb,5:51 AM,6:57 AM,12:36 PM,3:49 PM,6:16 PM,7:21 PM
21-Feb,5:50 AM,6:56 AM,12:36 PM,3:49 PM,6:16 PM,7:21 PM
22-Feb,5:49 AM,6:55 AM,12:35 PM,3:50 PM,6:17 PM,7:22 PM
23-Feb,5:48 AM,6:54 AM,12:35 PM,3:50 PM,6:18 PM,7:23 PM
24-Feb,5:47 AM,6:53 AM,12:35 PM,3:50 PM,6:19 PM,7:23 PM
25-Feb,5:46 AM,6:52 AM,12:35 PM,3:51 PM,6:19 PM,7:24 PM
26-Feb,5:45 AM,6:51 AM,12:35 PM,3:51 PM,6:20 PM,7:25 PM
27-Feb,5:44 AM,6:50 AM,12:35 PM,3:52 PM,6:21 PM,7:25 PM
28-Feb,5:43 AM,6:49 AM,12:34 PM,3:52 PM,6:21 PM,7:26 PM
1-Mar,5:42 AM,6:48 AM,12:34 PM,3:52 PM,6:22 PM,7:27 PM
2-Mar,5:41 AM,6:47 AM,12:34 PM,3:53 PM,6:23 PM,7:27 PM
3-Mar,5:40 AM,6:46 AM,12:34 PM,3:53 PM,6:23 PM,7:28 PM
4-Mar,5:39 AM,6:44 AM,12:34 PM,3:53 PM,6:24 PM,7:29 PM
5-Mar,5:38 AM,6:43 AM,12:33 PM,3:54 PM,6:25 PM,7:29 PM
6-Mar,5:37 AM,6:42 AM,12:33 PM,3:54 PM,6:26 PM,7:30 PM
7-Mar,5:36 AM,6:41 AM,12:33 PM,3:54 PM,6:26 PM,7:31 PM
8-Mar,6:34 AM,7:40 AM,1:33 PM,4:54 PM,7:27 PM,8:31 PM
9-Mar,6:33 AM,7:39 AM,1:32 PM,4:55 PM,7:28 PM,8:32 PM
10-Mar,6:32 AM,7:38 AM,1:32 PM,4:55 PM,7:28 PM,8:33 PM
11-Mar,6:31 AM,7:36 AM,1:32 PM,4:55 PM,7:29 PM,8:33 PM
12-Mar,6:30 AM,7:35 AM,1:32 PM,4:55 PM,7:29 PM,8:34 PM
13-Mar,6:29 AM,7:34 AM,1:31 PM,4:56 PM,7:30 PM,8:35 PM
14-Mar,6:27 AM,7:33 AM,1:31 PM,4:56 PM,7:31 PM,8:35 PM
15-Mar,6:26 AM,7:32 AM,1:31 PM,4:56 PM,7:31 PM,8:36 PM
16-Mar,6:25 AM,7:30 AM,1:31 PM,4:56 PM,7:32 PM,8:37 PM
17-Mar,6:24 AM,7:29 AM,1:30 PM,4:56 PM,7:33 PM,8:37 PM
18-Mar,6:22 AM,7:28 AM,1:30 PM,4:56 PM,7:33 PM,8:38 PM
19-Mar,6:21 AM,7:27 AM,1:30 PM,4:57 PM,7:34 PM,8:39 PM
20-Mar,6:20 AM,7:26 AM,1:29 PM,4:57 PM,7:34 PM,8:39 PM
21-Mar,6:19 AM,7:24 AM,1:29 PM,4:57 PM,7:35 PM,8:40 PM
22-Mar,6:17 AM,7:23 AM,1:29 PM,4:57 PM,7:36 PM,8:41 PM
23-Mar,6:16 AM,7:22 AM,1:28 PM,4:57 PM,7:36 PM,8:41 PM
24-Mar,6:15 AM,7:21 AM,1:28 PM,4:57 PM,7:37 PM,8:42 PM
25-Mar,6:14 AM,7:20 AM,1:28 PM,4:57 PM,7:38 PM,8:43 PM
26-Mar,6:12 AM,7:18 AM,1:28 PM,4:57 PM,7:38 PM,8:43 PM
27-Mar,6:11 AM,7:17 AM,1:27 PM,4:57 PM,7:39 PM,8:44 PM
28-Mar,6:10 AM,7:16 AM,1:27 PM,4:57 PM,7:39 PM,8:45 PM
29-Mar,6:09 AM,7:15 AM,1:27 PM,4:57 PM,7:40 PM,8:45 PM
30-Mar,6:07 AM,7:14 AM,1:26 PM,4:57 PM,7:41 PM,8:46 PM
31-Mar,6:06 AM,7:12 AM,1:26 PM,4:57 PM,7:41 PM,8:47 PM
1-Apr,6:05 AM,7:11 AM,1:26 PM,4:57 PM,7:42 PM,8:47 PM
2-Apr,6:03 AM,7:10 AM,1:25 PM,4:57 PM,7:42 PM,8:48 PM
3-Apr,6:02 AM,7:09 AM,1:25 PM,4:57 PM,7:43 PM,8:49 PM
4-Apr,6:01 AM,7:08 AM,1:25 PM,4:57 PM,7:44 PM,8:50 PM
5-Apr,5:59 AM,7:06 AM,1:25 PM,4:57 PM,7:44 PM,8:50 PM
6-Apr,5:58 AM,7:05 AM,1:24 PM,4:57 PM,7:45 PM,8:51 PM
7-Apr,5:57 AM,7:04 AM,1:24 PM,4:57 PM,7:45 PM,8:52 PM
8-Apr,5:56 AM,7:03 AM,1:24 PM,4:57 PM,7:46 PM,8:52 PM
9-Apr,5:54 AM,7:02 AM,1:23 PM,4:57 PM,7:47 PM,8:53 PM
10-Apr,5:53 AM,7:01 AM,1:23 PM,4:57 PM,7:47 PM,8:54 PM
11-Apr,5:52 AM,6:59 AM,1:23 PM,4:57 PM,7:48 PM,8:55 PM
12-Apr,5:50 AM,6:58 AM,1:23 PM,4:57 PM,7:49 PM,8:55 PM
13-Apr,5:49 AM,6:57 AM,1:22 PM,4:57 PM,7:49 PM,8:56 PM
14-Apr,5:48 AM,6:56 AM,1:22 PM,4:57 PM,7:50 PM,8:57 PM
15-Apr,5:47 AM,6:55 AM,1:22 PM,4:57 PM,7:50 PM,8:58 PM
16-Apr,5:45 AM,6:54 AM,1:22 PM,4:57 PM,7:51 PM,8:59 PM
17-Apr,5:44 AM,6:53 AM,1:21 PM,4:57 PM,7:52 PM,8:59 PM
18-Apr,5:43 AM,6:52 AM,1:21 PM,4:57 PM,7:52 PM,9:00 PM
19-Apr,5:42 AM,6:51 AM,1:21 PM,4:57 PM,7:53 PM,9:01 PM
20-Apr,5:41 AM,6:50 AM,1:21 PM,4:57 PM,7:53 PM,9:02 PM
21-Apr,5:39 AM,6:49 AM,1:21 PM,4:57 PM,7:54 PM,9:02 PM
22-Apr,5:38 AM,6:48 AM,1:20 PM,4:56 PM,7:55 PM,9:03 PM
23-Apr,5:37 AM,6:47 AM,1:20 PM,4:56 PM,7:55 PM,9:04 PM
24-Apr,5:36 AM,6:46 AM,1:20 PM,4:56 PM,7:56 PM,9:05 PM
25-Apr,5:35 AM,6:45 AM,1:20 PM,4:56 PM,7:57 PM,9:06 PM
26-Apr,5:33 AM,6:44 AM,1:20 PM,4:56 PM,7:57 PM,9:07 PM
27-Apr,5:32 AM,6:43 AM,1:20 PM,4:56 PM,7:58 PM,9:07 PM
28-Apr,5:31 AM,6:42 AM,1:19 PM,4:56 PM,7:59 PM,9:08 PM
29-Apr,5:30 AM,6:41 AM,1:19 PM,4:56 PM,7:59 PM,9:09 PM
30-Apr,5:29 AM,6:40 AM,1:19 PM,4:56 PM,8:00 PM,9:10 PM
1-May,5:28 AM,6:39 AM,1:19 PM,4:56 PM,8:01 PM,9:11 PM
2-May,5:27 AM,6:38 AM,1:19 PM,4:56 PM,8:01 PM,9:12 PM
3-May,5:26 AM,6:37 AM,1:19 PM,4:56 PM,8:02 PM,9:12 PM
4-May,5:25 AM,6:36 AM,1:19 PM,4:56 PM,8:02 PM,9:13 PM
5-May,5:24 AM,6:36 AM,1:19 PM,4:56 PM,8:03 PM,9:14 PM
6-May,5:23 AM,6:35 AM,1:19 PM,4:55 PM,8:04 PM,9:15 PM
7-May,5:22 AM,6:34 AM,1:19 PM,4:55 PM,8:04 PM,9:16 PM
8-May,5:21 AM,6:33 AM,1:18 PM,4:55 PM,8:05 PM,9:17 PM
9-May,5:20 AM,6:32 AM,1:18 PM,4:55 PM,8:06 PM,9:18 PM
10-May,5:19 AM,6:32 AM,1:18 PM,4:55 PM,8:06 PM,9:18 PM
11-May,5:18 AM,6:31 AM,1:18 PM,4:55 PM,8:07 PM,9:19 PM
12-May,5:17 AM,6:30 AM,1:18 PM,4:55 PM,8:08 PM,9:20 PM
13-May,5:16 AM,6:30 AM,1:18 PM,4:55 PM,8:08 PM,9:21 PM
14-May,5:15 AM,6:29 AM,1:18 PM,4:55 PM,8:09 PM,9:22 PM
15-May,5:14 AM,6:28 AM,1:18 PM,4:55 PM,8:10 PM,9:23 PM
16-May,5:14 AM,6:28 AM,1:18 PM,4:55 PM,8:10 PM,9:23 PM
17-May,5:13 AM,6:27 AM,1:18 PM,4:55 PM,8:11 PM,9:24 PM
18-May,5:12 AM,6:27 AM,1:18 PM,4:55 PM,8:12 PM,9:25 PM
19-May,5:11 AM,6:26 AM,1:18 PM,4:55 PM,8:12 PM,9:26 PM
20-May,5:11 AM,6:26 AM,1:19 PM,4:55 PM,8:13 PM,9:27 PM
21-May,5:10 AM,6:25 AM,1:19 PM,4:55 PM,8:13 PM,9:28 PM
22-May,5:09 AM,6:25 AM,1:19 PM,4:55 PM,8:14 PM,9:28 PM
23-May,5:09 AM,6:24 AM,1:19 PM,4:55 PM,8:15 PM,9:29 PM
24-May,5:08 AM,6:24 AM,1:19 PM,4:55 PM,8:15 PM,9:30 PM
25-May,5:08 AM,6:23 AM,1:19 PM,4:55 PM,8:16 PM,9:31 PM
26-May,5:07 AM,6:23 AM,1:19 PM,4:55 PM,8:16 PM,9:31 PM
27-May,5:07 AM,6:23 AM,1:19 PM,4:55 PM,8:17 PM,9:32 PM
28-May,5:06 AM,6:22 AM,1:19 PM,4:56 PM,8:18 PM,9:33 PM
29-May,5:06 AM,6:22 AM,1:19 PM,4:56 PM,8:18 PM,9:34 PM
30-May,5:05 AM,6:22 AM,1:20 PM,4:56 PM,8:19 PM,9:34 PM
31-May,5:05 AM,6:21 AM,1:20 PM,4:56 PM,8:19 PM,9:35 PM
1-Jun,5:04 AM,6:21 AM,1:20 PM,4:56 PM,8:20 PM,9:36 PM
2-Jun,5:04 AM,6:21 AM,1:20 PM,4:56 PM,8:20 PM,9:36 PM
3-Jun,5:04 AM,6:21 AM,1:20 PM,4:56 PM,8:21 PM,9:37 PM
4-Jun,5:03 AM,6:21 AM,1:20 PM,4:56 PM,8:21 PM,9:38 PM
5-Jun,5:03 AM,6:21 AM,1:21 PM,4:56 PM,8:22 PM,9:38 PM
6-Jun,5:03 AM,6:20 AM,1:21 PM,4:57 PM,8:22 PM,9:39 PM
7-Jun,5:03 AM,6:20 AM,1:21 PM,4:57 PM,8:23 PM,9:39 PM
8-Jun,5:02 AM,6:20 AM,1:21 PM,4:57 PM,8:23 PM,9:40 PM
9-Jun,5:02 AM,6:20 AM,1:21 PM,4:57 PM,8:24 PM,9:40 PM
10-Jun,5:02 AM,6:20 AM,1:22 PM,4:57 PM,8:24 PM,9:41 PM
11-Jun,5:02 AM,6:20 AM,1:22 PM,4:57 PM,8:24 PM,9:41 PM
12-Jun,5:02 AM,6:20 AM,1:22 PM,4:58 PM,8:25 PM,9:42 PM
13-Jun,5:02 AM,6:20 AM,1:22 PM,4:58 PM,8:25 PM,9:42 PM
14-Jun,5:02 AM,6:20 AM,1:22 PM,4:58 PM,8:25 PM,9:43 PM
15-Jun,5:02 AM,6:20 AM,1:23 PM,4:58 PM,8:26 PM,9:43 PM
16-Jun,5:02 AM,6:21 AM,1:23 PM,4:58 PM,8:26 PM,9:43 PM
17-Jun,5:02 AM,6:21 AM,1:23 PM,4:58 PM,8:26 PM,9:44 PM
18-Jun,5:02 AM,6:21 AM,1:23 PM,4:59 PM,8:27 PM,9:44 PM
19-Jun,5:03 AM,6:21 AM,1:23 PM,4:59 PM,8:27 PM,9:44 PM
20-Jun,5:03 AM,6:21 AM,1:24 PM,4:59 PM,8:27 PM,9:45 PM
21-Jun,5:03 AM,6:21 AM,1:24 PM,4:59 PM,8:27 PM,9:45 PM
22-Jun,5:03 AM,6:22 AM,1:24 PM,5:00 PM,8:28 PM,9:45 PM
23-Jun,5:03 AM,6:22 AM,1:24 PM,5:00 PM,8:28 PM,9:45 PM
24-Jun,5:04 AM,6:22 AM,1:24 PM,5:00 PM,8:28 PM,9:45 PM
25-Jun,5:04 AM,6:22 AM,1:25 PM,5:00 PM,8:28 PM,9:45 PM
26-Jun,5:04 AM,6:23 AM,1:25 PM,5:00 PM,8:28 PM,9:45 PM
27-Jun,5:05 AM,6:23 AM,1:25 PM,5:01 PM,8:28 PM,9:45 PM
28-Jun,5:05 AM,6:23 AM,1:25 PM,5:01 PM,8:28 PM,9:45 PM
29-Jun,5:06 AM,6:24 AM,1:26 PM,5:01 PM,8:28 PM,9:45 PM
30-Jun,5:06 AM,6:24 AM,1:26 PM,5:01 PM,8:28 PM,9:45 PM
1-Jul,5:06 AM,6:24 AM,1:26 PM,5:02 PM,8:28 PM,9:45 PM
2-Jul,5:07 AM,6:25 AM,1:26 PM,5:02 PM,8:28 PM,9:45 PM
3-Jul,5:07 AM,6:25 AM,1:26 PM,5:02 PM,8:28 PM,9:45 PM
4-Jul,5:08 AM,6:26 AM,1:26 PM,5:02 PM,8:28 PM,9:45 PM
5-Jul,5:08 AM,6:26 AM,1:27 PM,5:02 PM,8:28 PM,9:45 PM
6-Jul,5:09 AM,6:27 AM,1:27 PM,5:03 PM,8:28 PM,9:44 PM
7-Jul,5:10 AM,6:27 AM,1:27 PM,5:03 PM,8:28 PM,9:44 PM
8-Jul,5:10 AM,6:28 AM,1:27 PM,5:03 PM,8:28 PM,9:44 PM
9-Jul,5:11 AM,6:28 AM,1:27 PM,5:03 PM,8:27 PM,9:43 PM
10-Jul,5:11 AM,6:29 AM,1:27 PM,5:03 PM,8:27 PM,9:43 PM
11-Jul,5:12 AM,6:29 AM,1:28 PM,5:04 PM,8:27 PM,9:43 PM
12-Jul,5:13 AM,6:30 AM,1:28 PM,5:04 PM,8:27 PM,9:42 PM
13-Jul,5:13 AM,6:30 AM,1:28 PM,5:04 PM,8:26 PM,9:42 PM
14-Jul,5:14 AM,6:31 AM,1:28 PM,5:04 PM,8:26 PM,9:41 PM
15-Jul,5:15 AM,6:31 AM,1:28 PM,5:04 PM,8:26 PM,9:41 PM
16-Jul,5:16 AM,6:32 AM,1:28 PM,5:04 PM,8:25 PM,9:40 PM
17-Jul,5:16 AM,6:32 AM,1:28 PM,5:05 PM,8:25 PM,9:40 PM
18-Jul,5:17 AM,6:33 AM,1:28 PM,5:05 PM,8:24 PM,9:39 PM
19-Jul,5:18 AM,6:33 AM,1:28 PM,5:05 PM,8:24 PM,9:39 PM
20-Jul,5:18 AM,6:34 AM,1:28 PM,5:05 PM,8:24 PM,9:38 PM
21-Jul,5:19 AM,6:35 AM,1:28 PM,5:05 PM,8:23 PM,9:37 PM
22-Jul,5:20 AM,6:35 AM,1:28 PM,5:05 PM,8:23 PM,9:37 PM
23-Jul,5:21 AM,6:36 AM,1:28 PM,5:05 PM,8:22 PM,9:36 PM
24-Jul,5:22 AM,6:36 AM,1:29 PM,5:05 PM,8:21 PM,9:35 PM
25-Jul,5:22 AM,6:37 AM,1:29 PM,5:05 PM,8:21 PM,9:34 PM
26-Jul,5:23 AM,6:37 AM,1:29 PM,5:05 PM,8:20 PM,9:33 PM
27-Jul,5:24 AM,6:38 AM,1:29 PM,5:05 PM,8:20 PM,9:33 PM
28-Jul,5:25 AM,6:39 AM,1:28 PM,5:05 PM,8:19 PM,9:32 PM
29-Jul,5:26 AM,6:39 AM,1:28 PM,5:05 PM,8:18 PM,9:31 PM
30-Jul,5:26 AM,6:40 AM,1:28 PM,5:05 PM,8:18 PM,9:30 PM
31-Jul,5:27 AM,6:40 AM,1:28 PM,5:05 PM,8:17 PM,9:29 PM
1-Aug,5:28 AM,6:41 AM,1:28 PM,5:05 PM,8:16 PM,9:28 PM
2-Aug,5:29 AM,6:42 AM,1:28 PM,5:05 PM,8:15 PM,9:27 PM
3-Aug,5:30 AM,6:42 AM,1:28 PM,5:05 PM,8:15 PM,9:26 PM
4-Aug,5:30 AM,6:43 AM,1:28 PM,5:05 PM,8:14 PM,9:25 PM
5-Aug,5:31 AM,6:43 AM,1:28 PM,5:05 PM,8:13 PM,9:24 PM
6-Aug,5:32 AM,6:44 AM,1:28 PM,5:05 PM,8:12 PM,9:23 PM
7-Aug,5:33 AM,6:45 AM,1:28 PM,5:05 PM,8:11 PM,9:22 PM
8-Aug,5:34 AM,6:45 AM,1:28 PM,5:04 PM,8:11 PM,9:21 PM
9-Aug,5:34 AM,6:46 AM,1:27 PM,5:04 PM,8:10 PM,9:20 PM
10-Aug,5:35 AM,6:46 AM,1:27 PM,5:04 PM,8:09 PM,9:19 PM
11-Aug,5:36 AM,6:47 AM,1:27 PM,5:04 PM,8:08 PM,9:18 PM
12-Aug,5:37 AM,6:48 AM,1:27 PM,5:04 PM,8:07 PM,9:17 PM
13-Aug,5:37 AM,6:48 AM,1:27 PM,5:03 PM,8:06 PM,9:16 PM
14-Aug,5:38 AM,6:49 AM,1:27 PM,5:03 PM,8:05 PM,9:14 PM
15-Aug,5:39 AM,6:49 AM,1:26 PM,5:03 PM,8:04 PM,9:13 PM
16-Aug,5:40 AM,6:50 AM,1:26 PM,5:03 PM,8:03 PM,9:12 PM
17-Aug,5:41 AM,6:51 AM,1:26 PM,5:02 PM,8:02 PM,9:11 PM
18-Aug,5:41 AM,6:51 AM,1:26 PM,5:02 PM,8:01 PM,9:10 PM
19-Aug,5:42 AM,6:52 AM,1:26 PM,5:02 PM,8:00 PM,9:08 PM
20-Aug,5:43 AM,6:52 AM,1:25 PM,5:01 PM,7:59 PM,9:07 PM
21-Aug,5:44 AM,6:53 AM,1:25 PM,5:01 PM,7:58 PM,9:06 PM
22-Aug,5:44 AM,6:53 AM,1:25 PM,5:00 PM,7:57 PM,9:05 PM
23-Aug,5:45 AM,6:54 AM,1:25 PM,5:00 PM,7:56 PM,9:04 PM
24-Aug,5:46 AM,6:55 AM,1:24 PM,5:00 PM,7:55 PM,9:02 PM
25-Aug,5:46 AM,6:55 AM,1:24 PM,4:59 PM,7:53 PM,9:01 PM
26-Aug,5:47 AM,6:56 AM,1:24 PM,4:59 PM,7:52 PM,9:00 PM
27-Aug,5:48 AM,6:56 AM,1:23 PM,4:58 PM,7:51 PM,8:58 PM
28-Aug,5:49 AM,6:57 AM,1:23 PM,4:58 PM,7:50 PM,8:57 PM
29-Aug,5:49 AM,6:57 AM,1:23 PM,4:57 PM,7:49 PM,8:56 PM
30-Aug,5:50 AM,6:58 AM,1:23 PM,4:57 PM,7:48 PM,8:55 PM
31-Aug,5:51 AM,6:58 AM,1:22 PM,4:56 PM,7:46 PM,8:53 PM
1-Sep,5:51 AM,6:59 AM,1:22 PM,4:56 PM,7:45 PM,8:52 PM
2-Sep,5:52 AM,7:00 AM,1:22 PM,4:55 PM,7:44 PM,8:51 PM
3-Sep,5:53 AM,7:00 AM,1:21 PM,4:55 PM,7:43 PM,8:49 PM
4-Sep,5:53 AM,7:01 AM,1:21 PM,4:54 PM,7:42 PM,8:48 PM
5-Sep,5:54 AM,7:01 AM,1:21 PM,4:54 PM,7:40 PM,8:47 PM
6-Sep,5:55 AM,7:02 AM,1:20 PM,4:53 PM,7:39 PM,8:45 PM
7-Sep,5:55 AM,7:02 AM,1:20 PM,4:52 PM,7:38 PM,8:44 PM
8-Sep,5:56 AM,7:03 AM,1:20 PM,4:52 PM,7:37 PM,8:43 PM
9-Sep,5:57 AM,7:03 AM,1:19 PM,4:51 PM,7:36 PM,8:41 PM
10-Sep,5:57 AM,7:04 AM,1:19 PM,4:50 PM,7:34 PM,8:40 PM
11-Sep,5:58 AM,7:04 AM,1:18 PM,4:50 PM,7:33 PM,8:39 PM
12-Sep,5:59 AM,7:05 AM,1:18 PM,4:49 PM,7:32 PM,8:37 PM
13-Sep,5:59 AM,7:05 AM,1:18 PM,4:48 PM,7:31 PM,8:36 PM
14-Sep,6:00 AM,7:06 AM,1:17 PM,4:48 PM,7:29 PM,8:35 PM
15-Sep,6:00 AM,7:07 AM,1:17 PM,4:47 PM,7:28 PM,8:33 PM
16-Sep,6:01 AM,7:07 AM,1:17 PM,4:46 PM,7:27 PM,8:32 PM
17-Sep,6:02 AM,7:08 AM,1:16 PM,4:46 PM,7:26 PM,8:31 PM
18-Sep,6:02 AM,7:08 AM,1:16 PM,4:45 PM,7:24 PM,8:29 PM
19-Sep,6:03 AM,7:09 AM,1:16 PM,4:44 PM,7:23 PM,8:28 PM
20-Sep,6:03 AM,7:09 AM,1:15 PM,4:43 PM,7:22 PM,8:27 PM
21-Sep,6:04 AM,7:10 AM,1:15 PM,4:43 PM,7:21 PM,8:25 PM
22-Sep,6:05 AM,7:10 AM,1:15 PM,4:42 PM,7:19 PM,8:24 PM
23-Sep,6:05 AM,7:11 AM,1:14 PM,4:41 PM,7:18 PM,8:23 PM
24-Sep,6:06 AM,7:11 AM,1:14 PM,4:40 PM,7:17 PM,8:21 PM
25-Sep,6:06 AM,7:12 AM,1:14 PM,4:40 PM,7:16 PM,8:20 PM
26-Sep,6:07 AM,7:13 AM,1:13 PM,4:39 PM,7:14 PM,8:19 PM
27-Sep,6:08 AM,7:13 AM,1:13 PM,4:38 PM,7:13 PM,8:18 PM
28-Sep,6:08 AM,7:14 AM,1:13 PM,4:37 PM,7:12 PM,8:16 PM
29-Sep,6:09 AM,7:14 AM,1:12 PM,4:36 PM,7:11 PM,8:15 PM
30-Sep,6:09 AM,7:15 AM,1:12 PM,4:36 PM,7:09 PM,8:14 PM
1-Oct,6:10 AM,7:15 AM,1:12 PM,4:35 PM,7:08 PM,8:13 PM
2-Oct,6:10 AM,7:16 AM,1:11 PM,4:34 PM,7:07 PM,8:11 PM
3-Oct,6:11 AM,7:17 AM,1:11 PM,4:33 PM,7:06 PM,8:10 PM
4-Oct,6:12 AM,7:17 AM,1:11 PM,4:32 PM,7:05 PM,8:09 PM
5-Oct,6:12 AM,7:18 AM,1:10 PM,4:32 PM,7:03 PM,8:08 PM
6-Oct,6:13 AM,7:18 AM,1:10 PM,4:31 PM,7:02 PM,8:07 PM
7-Oct,6:13 AM,7:19 AM,1:10 PM,4:30 PM,7:01 PM,8:06 PM
8-Oct,6:14 AM,7:20 AM,1:09 PM,4:29 PM,7:00 PM,8:04 PM
9-Oct,6:15 AM,7:20 AM,1:09 PM,4:28 PM,6:59 PM,8:03 PM
10-Oct,6:15 AM,7:21 AM,1:09 PM,4:28 PM,6:58 PM,8:02 PM
11-Oct,6:16 AM,7:21 AM,1:09 PM,4:27 PM,6:56 PM,8:01 PM
12-Oct,6:16 AM,7:22 AM,1:08 PM,4:26 PM,6:55 PM,8:00 PM
13-Oct,6:17 AM,7:23 AM,1:08 PM,4:25 PM,6:54 PM,7:59 PM
14-Oct,6:18 AM,7:23 AM,1:08 PM,4:25 PM,6:53 PM,7:58 PM
15-Oct,6:18 AM,7:24 AM,1:08 PM,4:24 PM,6:52 PM,7:57 PM
16-Oct,6:19 AM,7:25 AM,1:07 PM,4:23 PM,6:51 PM,7:56 PM
17-Oct,6:19 AM,7:25 AM,1:07 PM,4:22 PM,6:50 PM,7:55 PM
18-Oct,6:20 AM,7:26 AM,1:07 PM,4:21 PM,6:49 PM,7:54 PM
19-Oct,6:21 AM,7:27 AM,1:07 PM,4:21 PM,6:48 PM,7:53 PM
20-Oct,6:21 AM,7:27 AM,1:07 PM,4:20 PM,6:47 PM,7:52 PM
21-Oct,6:22 AM,7:28 AM,1:07 PM,4:19 PM,6:46 PM,7:51 PM
22-Oct,6:22 AM,7:29 AM,1:06 PM,4:19 PM,6:45 PM,7:50 PM
23-Oct,6:23 AM,7:29 AM,1:06 PM,4:18 PM,6:44 PM,7:49 PM
24-Oct,6:24 AM,7:30 AM,1:06 PM,4:17 PM,6:43 PM,7:48 PM
25-Oct,6:24 AM,7:31 AM,1:06 PM,4:16 PM,6:42 PM,7:47 PM
26-Oct,6:25 AM,7:32 AM,1:06 PM,4:16 PM,6:41 PM,7:46 PM
27-Oct,6:26 AM,7:32 AM,1:06 PM,4:15 PM,6:40 PM,7:46 PM
28-Oct,6:26 AM,7:33 AM,1:06 PM,4:14 PM,6:39 PM,7:45 PM
29-Oct,6:27 AM,7:34 AM,1:06 PM,4:14 PM,6:38 PM,7:44 PM
30-Oct,6:28 AM,7:34 AM,1:06 PM,4:13 PM,6:37 PM,7:43 PM
31-Oct,6:28 AM,7:35 AM,1:06 PM,4:12 PM,6:36 PM,7:43 PM
1-Nov,5:29 AM,6:36 AM,12:06 PM,3:12 PM,5:36 PM,6:42 PM
2-Nov,5:30 AM,6:37 AM,12:06 PM,3:11 PM,5:35 PM,6:41 PM
3-Nov,5:30 AM,6:38 AM,12:06 PM,3:11 PM,5:34 PM,6:40 PM
4-Nov,5:31 AM,6:38 AM,12:06 PM,3:10 PM,5:33 PM,6:40 PM
5-Nov,5:32 AM,6:39 AM,12:06 PM,3:10 PM,5:33 PM,6:39 PM
6-Nov,5:32 AM,6:40 AM,12:06 PM,3:09 PM,5:32 PM,6:39 PM
7-Nov,5:33 AM,6:41 AM,12:06 PM,3:09 PM,5:31 PM,6:38 PM
8-Nov,5:34 AM,6:41 AM,12:06 PM,3:08 PM,5:31 PM,6:37 PM
9-Nov,5:34 AM,6:42 AM,12:06 PM,3:08 PM,5:30 PM,6:37 PM
10-Nov,5:35 AM,6:43 AM,12:06 PM,3:07 PM,5:29 PM,6:36 PM
11-Nov,5:36 AM,6:44 AM,12:06 PM,3:07 PM,5:29 PM,6:36 PM
12-Nov,5:37 AM,6:45 AM,12:06 PM,3:06 PM,5:28 PM,6:35 PM
13-Nov,5:37 AM,6:46 AM,12:06 PM,3:06 PM,5:28 PM,6:35 PM
14-Nov,5:38 AM,6:46 AM,12:06 PM,3:05 PM,5:27 PM,6:35 PM
15-Nov,5:39 AM,6:47 AM,12:07 PM,3:05 PM,5:27 PM,6:34 PM
16-Nov,5:39 AM,6:48 AM,12:07 PM,3:05 PM,5:26 PM,6:34 PM
17-Nov,5:40 AM,6:49 AM,12:07 PM,3:04 PM,5:26 PM,6:34 PM
18-Nov,5:41 AM,6:50 AM,12:07 PM,3:04 PM,5:25 PM,6:33 PM
19-Nov,5:42 AM,6:51 AM,12:07 PM,3:04 PM,5:25 PM,6:33 PM
20-Nov,5:42 AM,6:51 AM,12:08 PM,3:04 PM,5:25 PM,6:33 PM
21-Nov,5:43 AM,6:52 AM,12:08 PM,3:03 PM,5:24 PM,6:32 PM
22-Nov,5:44 AM,6:53 AM,12:08 PM,3:03 PM,5:24 PM,6:32 PM
23-Nov,5:44 AM,6:54 AM,12:08 PM,3:03 PM,5:24 PM,6:32 PM
24-Nov,5:45 AM,6:55 AM,12:09 PM,3:03 PM,5:23 PM,6:32 PM
25-Nov,5:46 AM,6:55 AM,12:09 PM,3:03 PM,5:23 PM,6:32 PM
26-Nov,5:47 AM,6:56 AM,12:09 PM,3:03 PM,5:23 PM,6:32 PM
27-Nov,5:47 AM,6:57 AM,12:10 PM,3:03 PM,5:23 PM,6:32 PM
28-Nov,5:48 AM,6:58 AM,12:10 PM,3:03 PM,5:23 PM,6:32 PM
29-Nov,5:49 AM,6:59 AM,12:10 PM,3:03 PM,5:23 PM,6:32 PM
30-Nov,5:50 AM,7:00 AM,12:11 PM,3:03 PM,5:23 PM,6:32 PM
1-Dec,5:50 AM,7:00 AM,12:11 PM,3:03 PM,5:23 PM,6:32 PM
2-Dec,5:51 AM,7:01 AM,12:11 PM,3:03 PM,5:23 PM,6:32 PM
3-Dec,5:52 AM,7:02 AM,12:12 PM,3:03 PM,5:23 PM,6:32 PM
4-Dec,5:52 AM,7:03 AM,12:12 PM,3:03 PM,5:23 PM,6:32 PM
5-Dec,5:53 AM,7:03 AM,12:13 PM,3:03 PM,5:23 PM,6:32 PM
6-Dec,5:54 AM,7:04 AM,12:13 PM,3:03 PM,5:23 PM,6:32 PM
7-Dec,5:54 AM,7:05 AM,12:14 PM,3:03 PM,5:23 PM,6:32 PM
8-Dec,5:55 AM,7:06 AM,12:14 PM,3:03 PM,5:23 PM,6:33 PM
9-Dec,5:56 AM,7:06 AM,12:14 PM,3:04 PM,5:23 PM,6:33 PM
10-Dec,5:56 AM,7:07 AM,12:15 PM,3:04 PM,5:23 PM,6:33 PM
11-Dec,5:57 AM,7:08 AM,12:15 PM,3:04 PM,5:24 PM,6:34 PM
12-Dec,5:58 AM,7:08 AM,12:16 PM,3:04 PM,5:24 PM,6:34 PM
13-Dec,5:58 AM,7:09 AM,12:16 PM,3:05 PM,5:24 PM,6:34 PM
14-Dec,5:59 AM,7:10 AM,12:17 PM,3:05 PM,5:25 PM,6:34 PM
15-Dec,5:59 AM,7:10 AM,12:17 PM,3:05 PM,5:25 PM,6:35 PM
16-Dec,6:00 AM,7:11 AM,12:18 PM,3:06 PM,5:25 PM,6:35 PM
17-Dec,6:01 AM,7:12 AM,12:18 PM,3:06 PM,5:26 PM,6:36 PM
18-Dec,6:01 AM,7:12 AM,12:19 PM,3:07 PM,5:26 PM,6:36 PM
19-Dec,6:02 AM,7:13 AM,12:19 PM,3:07 PM,5:27 PM,6:37 PM
20-Dec,6:02 AM,7:13 AM,12:20 PM,3:08 PM,5:27 PM,6:37 PM
21-Dec,6:03 AM,7:14 AM,12:20 PM,3:08 PM,5:28 PM,6:38 PM
22-Dec,6:03 AM,7:14 AM,12:21 PM,3:09 PM,5:28 PM,6:38 PM
23-Dec,6:04 AM,7:15 AM,12:21 PM,3:09 PM,5:29 PM,6:39 PM
24-Dec,6:04 AM,7:15 AM,12:22 PM,3:10 PM,5:29 PM,6:39 PM
25-Dec,6:05 AM,7:16 AM,12:22 PM,3:10 PM,5:30 PM,6:40 PM
26-Dec,6:05 AM,7:16 AM,12:23 PM,3:11 PM,5:30 PM,6:40 PM
27-Dec,6:05 AM,7:16 AM,12:23 PM,3:11 PM,5:31 PM,6:41 PM
28-Dec,6:06 AM,7:17 AM,12:24 PM,3:12 PM,5:32 PM,6:41 PM
29-Dec,6:06 AM,7:17 AM,12:24 PM,3:13 PM,5:32 PM,6:42 PM
30-Dec,6:07 AM,7:17 AM,12:25 PM,3:13 PM,5:33 PM,6:43 PM
31-Dec,6:07 AM,7:18 AM,12:25 PM,3:14 PM,5:34 PM,6:43 PM
